alpha,lengthscale,projection,regr_time,test_score,var
0.001,11.31407055503551,rbf,233.86759161949158,0.8942,0.010000000000000002
