alpha,bias,degree,num_features,precomputed,proj_time,projection,raw_features,regr_time,scale,test_score
100.0,0.0,4.0,600.0,1.0,0.6098055839538574,opu_physical,0.0,0.31574296951293945,0.0001,0.8212
100.0,0.0,4.0,700.0,1.0,0.6795406341552734,opu_physical,0.0,0.3119313716888428,0.0001,0.8254
100.0,0.0,4.0,800.0,1.0,0.7553107738494873,opu_physical,0.0,0.43350720405578613,0.0001,0.8298
100.0,0.0,4.0,900.0,1.0,0.8521895408630371,opu_physical,0.0,0.5336642265319824,0.0001,0.8361
