{
    "rbf_rff": {
        "projection": "rbf",
        "alpha": 0.000001,
        "kernel_hyperparameters": {
            "gamma": 0.003906,
            "scale": 0.01
        },
        "cg_config": {
            "tol": 1e-5,
            "atol": 1e-9,
            "max_iterations": 15000
        },
        "num_features": [
            10, 20, 30, 40, 50, 60, 70, 80, 90, 100,
            200, 300, 400, 500, 600, 700, 800, 900, 1000,
            2000, 3000, 4000, 5000, 10000, 20000, 50000, 100000
        ]
    }
}